Rh,Morph,w1detected,w2detected,Pwdetected,Twdetected,TPdetected,Rpk,RR,RRdb,RRda,RRIrr,w0a,w0d,w0p,w1a,w1d,w1p,w2a,w2d,w2p,Axis,QRSd,QRSa,pw_prof,PR,Pwd,Pwa,Pwdist,Twd,Twa,QT,STdev,TPa,TPf,TPfa,atrial_entr,TPdur,profile,baseline
1.0,25,1,0,0,0,0,4426.666666666667,4426.666666666667,0.0,-3263.333333333334,0.0,51.0,14,7,-43.0,25.0,14.0,,,,7,130.0,93.0,18.0,,,,,,,,-3.0,,,,,,324.0,
1.0,25,1,0,0,1,0,5590.0,1163.3333333333333,-3263.333333333334,-13.333333333333258,0.004585683496125098,48.0,12,7,-48.0,25.0,14.0,,,,0,123.33333333333333,95.0,17.0,,,,,190.0,-13.0,528.18,-3.0,,,,,,329.0,
1.0,25,1,0,0,1,1,6740.0,1150.0,-13.333333333333258,-6.6666666666667425,0.8540639688180671,48.0,16,8,-44.0,22.0,11.0,,,,3,126.66666666666667,91.0,19.0,,,,,183.33333333333334,-13.0,530.2333333333333,-3.0,8.0,4.39453125,3.8434568666509374e-05,2.311581036887543,,320.0,838.1449059415161
1.0,25,1,0,0,0,1,7883.333333333333,1143.3333333333333,-6.6666666666667425,10.0,0.576878478664193,48.0,13,8,-46.0,25.0,13.0,,,,1,126.66666666666667,94.0,17.0,,,,,,,,-5.0,8.0,4.4189453125,3.422176530546661e-05,2.1605249848042716,,314.0,761.6054158607351
1.0,25,1,0,1,1,0,9036.666666666666,1153.3333333333333,10.0,-3.3333333333332575,0.43549233370255935,51.0,15,8,-47.0,23.0,11.0,,,,3,126.66666666666667,96.0,16.0,176.66666666666666,156.66666666666666,6.0,0.8405120191726105,183.33333333333334,-11.0,529.7199999999999,-5.0,,,,,,315.0,
1.0,25,1,0,0,1,1,10186.666666666666,1150.0,-3.3333333333332575,-16.666666666666742,0.3456847216602116,47.0,15,8,-46.0,23.0,12.0,,,,0,126.66666666666667,91.0,16.0,,,,,183.33333333333334,-13.0,530.2333333333333,-3.0,7.0,4.3701171875,2.6246645883628633e-05,2.273260412626288,,314.0,722.3113964686997
1.0,25,1,0,0,1,1,11320.0,1133.3333333333333,-16.666666666666742,40.0,0.28993911278631485,53.0,18,8,-46.0,19.0,8.0,,,,6,123.33333333333333,96.0,6.0,,,,,356.6666666666667,-11.0,529.4666666666667,-1.0,10.0,4.28466796875,3.48447910871872e-05,2.180722519192843,,308.0,596.0982658959538
1.0,25,1,0,0,1,1,12493.333333333334,1173.3333333333333,40.0,-23.333333333333258,0.2943300527358839,45.0,17,8,-44.0,21.0,10.0,,,,1,126.66666666666667,89.0,10.0,,,,,193.33333333333334,-12.0,533.3066666666667,-4.0,8.0,4.1259765625,3.281366273541571e-05,2.2241549792669764,,285.0,489.3077201884741
1.0,25,1,0,0,1,1,13643.333333333334,1150.0,-23.333333333333258,-3.3333333333332575,0.30024116734740275,49.0,13,9,-45.0,25.0,14.0,,,,3,126.66666666666667,94.0,16.0,,,,,186.66666666666666,-11.0,533.5666666666666,-5.0,7.0,4.4921875,3.191354433471807e-05,2.334153609939417,,310.0,711.2462006079027
1.0,25,1,0,0,1,1,14790.0,1146.6666666666667,-3.3333333333332575,-10.0,0.09255194918131901,42.0,13,8,-45.0,25.0,14.0,,,,-3,126.66666666666667,87.0,18.0,,,,,233.33333333333334,-12.0,530.7466666666667,-6.0,7.0,4.40673828125,3.187930553223123e-05,2.3580778001237093,,301.0,642.8988895382817
1.0,25,1,0,0,1,1,15926.666666666666,1136.6666666666667,-10.0,40.0,0.06292625790212578,51.0,16,8,-48.0,21.0,11.0,,,,2,123.33333333333333,96.0,17.0,,,,,176.66666666666666,-12.0,528.9533333333334,-3.0,10.0,4.26025390625,4.172276163831643e-05,2.114020091046573,,321.0,772.2701149425287
1.0,25,1,0,0,1,1,17103.333333333332,1176.6666666666667,40.0,-43.333333333333485,0.09545020680878143,48.0,16,8,-43.0,22.0,11.0,,,,5,126.66666666666667,89.0,10.0,,,,,186.66666666666666,-13.0,532.7933333333333,-5.0,7.0,4.19921875,4.2862272062539805e-05,2.1328878893963643,,295.0,612.8702757916241
1.0,25,1,0,0,1,1,18236.666666666668,1133.3333333333333,-43.333333333333485,10.0,0.15308725973805065,49.0,16,9,-47.0,22.0,11.0,,,,1,126.66666666666667,92.0,16.0,,,,,183.33333333333334,-11.0,532.8000000000001,-4.0,8.0,4.4677734375,2.4144818245320632e-05,2.4000712424303146,,313.0,690.5370843989771
1.0,25,1,0,0,1,1,19380.0,1143.3333333333333,10.0,-3.3333333333332575,0.22180959662580554,52.0,15,8,-43.0,23.0,11.0,,,,8,126.66666666666667,94.0,14.0,,,,,176.66666666666666,-11.0,527.9266666666667,-4.0,7.0,4.345703125,2.672215425534048e-05,2.252829537911155,,319.0,522.8993869455463
1.0,25,1,0,0,1,1,20520.0,1140.0,-3.3333333333332575,13.333333333333258,0.2811492548503453,47.0,13,8,-46.0,25.0,14.0,,,,0,126.66666666666667,92.0,18.0,,,,,186.66666666666666,-12.0,528.44,-3.0,9.0,4.296875,3.4387921026397e-05,2.294373141676737,,310.0,796.6897233201581
1.0,25,1,0,0,1,1,21673.333333333332,1153.3333333333333,13.333333333333258,-3.3333333333332575,0.27938326874248304,51.0,15,8,-46.0,23.0,11.0,,,,4,126.66666666666667,95.0,10.0,,,,,186.66666666666666,-13.0,529.7199999999999,-5.0,8.0,4.30908203125,3.0531071483888114e-05,2.1855835259166634,,313.0,561.4035087719298
1.0,25,1,0,0,1,1,22823.333333333332,1150.0,-3.3333333333332575,-6.6666666666667425,0.1548396686843996,47.0,16,8,-45.0,22.0,10.0,,,,1,126.66666666666667,91.0,12.0,,,,,190.0,-12.0,530.2333333333333,-4.0,7.0,4.3212890625,3.102400259220395e-05,2.2509969569542774,,301.0,685.2697863933819
1.0,25,1,0,0,1,1,23966.666666666668,1143.3333333333333,-6.6666666666667425,43.333333333333485,0.15529750861383515,53.0,15,9,-48.0,23.0,12.0,,,,4,126.66666666666667,98.0,16.0,,,,,186.66666666666666,-11.0,531.2600000000001,-4.0,8.0,4.40673828125,2.881941489195767e-05,2.3267515989023124,,316.0,594.7521865889213
1.0,25,1,0,0,1,1,25153.333333333332,1186.6666666666667,43.333333333333485,-53.333333333333485,0.15918795415386922,45.0,13,8,-45.0,25.0,14.0,,,,0,126.66666666666667,90.0,17.0,,,,,193.33333333333334,-13.0,534.5866666666667,-4.0,7.0,4.052734375,2.9912964684030934e-05,2.4073642664875647,,302.0,614.0350877192982
1.0,25,1,0,0,1,1,26286.666666666668,1133.3333333333333,-53.333333333333485,13.333333333333485,0.2994264507422402,49.0,14,9,-47.0,24.0,13.0,,,,1,126.66666666666667,92.0,11.0,,,,,193.33333333333334,-12.0,532.8000000000001,-4.0,11.0,4.00390625,2.231917888462555e-05,2.4848631235396477,,322.0,675.3280164651401
1.0,25,1,0,0,1,1,27433.333333333332,1146.6666666666667,13.333333333333485,-3.333333333333485,0.2205363443895554,51.0,14,7,-45.0,24.0,12.0,,,,5,126.66666666666667,94.0,18.0,,,,,180.0,-11.0,527.4133333333334,-5.0,8.0,4.33349609375,2.8667179792788085e-05,2.2742152723467406,,303.0,606.2046832283371
1.0,25,1,0,0,1,1,28576.666666666668,1143.3333333333333,-3.333333333333485,-10.0,0.21803593232164659,48.0,16,9,-46.0,22.0,11.0,,,,1,126.66666666666667,93.0,14.0,,,,,186.66666666666666,-11.0,531.2600000000001,-5.0,8.0,4.3212890625,3.210663940651696e-05,2.226171330285605,,306.0,682.0276497695853
1.0,25,1,0,0,1,1,29710.0,1133.3333333333333,-10.0,-3.3333333333332575,0.21869714818918762,53.0,17,8,-44.0,20.0,9.0,,,,8,123.33333333333333,97.0,15.0,,,,,196.66666666666666,-12.0,529.4666666666667,-3.0,6.0,4.3212890625,2.082438064020652e-05,2.392638038905601,,332.0,710.9847138286527
1.0,25,1,0,0,1,1,30840.0,1130.0,-3.3333333333332575,-10.0,0.22060121183599035,46.0,15,8,-47.0,23.0,11.0,,,,0,126.66666666666667,91.0,14.0,,,,,173.33333333333334,-14.0,526.6466666666668,-4.0,8.0,4.47998046875,2.1514916691987134e-05,2.4892966079178107,,356.0,1009.9726862732643
1.0,25,1,0,0,0,1,31960.0,1120.0,-10.0,-3.3333333333332575,0.22127810231899453,50.0,17,8,-49.0,19.0,10.0,,,,0,120.0,95.0,20.0,,,,,,,,-5.0,10.0,4.2724609375,1.96221182420711e-05,2.445946967430718,,371.0,1034.1643582640813
1.0,25,1,0,0,0,0,33076.666666666664,1116.6666666666667,-3.3333333333332575,23.333333333333258,0.22386536613573935,48.0,17,8,-45.0,19.0,10.0,,,,2,120.0,91.0,16.0,,,,,,,,-5.0,,,,,,327.0,
1.0,25,1,0,0,0,0,34216.666666666664,1140.0,23.333333333333258,3.3333333333332575,0.2512809145858021,49.0,17,8,-48.0,19.0,10.0,,,,0,120.0,96.0,11.0,,,,,,,,-5.0,,,,,,321.0,
1.0,25,1,0,0,1,0,35360.0,1143.3333333333333,3.3333333333332575,0.0,0.031326488843593105,51.0,17,8,-47.0,19.0,11.0,,,,3,120.0,96.0,12.0,,,,,380.0,-14.0,527.9266666666667,-6.0,,,,,,329.0,
1.0,25,1,0,0,1,1,36503.333333333336,1143.3333333333333,0.0,-23.333333333333258,0.03061224489795918,44.0,16,8,-47.0,20.0,11.0,,,,-3,120.0,90.0,14.0,,,,,193.33333333333334,-12.0,527.9266666666667,-5.0,11.0,4.23583984375,3.0707291488318735e-05,2.1680898392734798,,326.0,828.6252354048964
1.0,25,1,0,0,1,1,37623.333333333336,1120.0,-23.333333333333258,10.0,0.0,42.0,12,7,-52.0,24.0,14.0,,,,-9,120.0,94.0,20.0,,,,,183.33333333333334,-11.0,524.8533333333332,-10.0,10.0,4.33349609375,2.2667097275045957e-05,2.6906066072011825,,336.0,933.184023889511
1.0,25,1,0,0,0,1,38753.333333333336,1130.0,10.0,10.0,0.0,47.0,15,7,-45.0,24.0,11.0,,,,2,130.0,90.0,9.0,,,,,,,,-3.0,8.0,4.5166015625,2.687045542796713e-05,2.202128980619725,,305.0,666.6666666666667
1.0,25,1,0,0,1,0,39893.333333333336,1140.0,10.0,-23.333333333333258,0.0,45.0,13,8,-46.0,26.0,13.0,,,,0,130.0,91.0,10.0,,,,,183.33333333333334,-12.0,528.44,-6.0,,,,,,297.0,
1.0,25,1,0,0,1,1,41010.0,1116.6666666666667,-23.333333333333258,33.33333333333326,0.0,50.0,15,7,-46.0,23.0,11.0,,,,3,126.66666666666667,94.0,10.0,,,,,183.33333333333334,-12.0,522.0333333333333,-3.0,9.0,4.3701171875,2.4136068805390175e-05,2.450868510738991,,301.0,563.2040050062578
1.0,25,1,0,0,1,1,42160.0,1150.0,33.33333333333326,-3.3333333333332575,0.0006392771905898398,46.0,15,7,-44.0,23.0,11.0,,,,2,126.66666666666667,90.0,8.0,,,,,186.66666666666666,-11.0,526.9000000000001,-1.0,7.0,4.47998046875,2.8919300733488797e-05,2.2314817772758047,,277.0,476.19047619047615
1.0,25,1,0,0,1,1,43306.666666666664,1146.6666666666667,-3.3333333333332575,-6.6666666666667425,0.031678855088907845,52.0,18,10,-48.0,19.0,11.0,,,,3,123.33333333333333,96.0,10.0,,,,,193.33333333333334,-11.0,537.4133333333334,-5.0,7.0,4.40673828125,2.2684215775299167e-05,2.490360564028686,,317.0,428.57142857142856
1.0,25,1,0,0,1,1,44446.666666666664,1140.0,-6.6666666666667425,-3.3333333333332575,0.0622996029438639,48.0,17,9,-43.0,19.0,11.0,,,,5,120.0,89.0,10.0,,,,,243.33333333333334,-12.0,531.7733333333333,-7.0,8.0,4.45556640625,3.162523389906104e-05,2.2801679593175868,,310.0,619.9147617202635
1.0,25,1,0,0,1,1,45583.333333333336,1136.6666666666667,-3.3333333333332575,26.666666666666515,0.06266030594938718,50.0,18,9,-48.0,19.0,10.0,,,,1,123.33333333333333,95.0,19.0,,,,,180.0,-12.0,532.2866666666666,-1.0,8.0,4.3212890625,2.8002366338128463e-05,2.132238747493268,,347.0,816.6969147005444
1.0,25,1,0,0,1,1,46746.666666666664,1163.3333333333333,26.666666666666515,-23.333333333333258,0.0640671323049093,49.0,18,9,-43.0,19.0,11.0,,,,5,123.33333333333333,92.0,21.0,,,,,376.6666666666667,-12.0,534.8466666666667,-7.0,8.0,4.16259765625,3.3550873727662095e-05,2.2183455228931717,,330.0,770.4252269469662
1.0,25,1,0,0,1,1,47886.666666666664,1140.0,-23.333333333333258,10.0,0.12223487113127654,50.0,18,10,-46.0,19.0,11.0,,,,3,123.33333333333333,95.0,18.0,,,,,223.33333333333334,-12.0,535.1066666666666,-5.0,8.0,4.43115234375,3.408167944926364e-05,2.1716349007077644,,333.0,807.8335373317013
1.0,25,1,0,0,1,1,49036.666666666664,1150.0,10.0,13.333333333333258,0.09459493321973589,51.0,17,10,-48.0,20.0,12.0,,,,2,123.33333333333333,97.0,14.0,,,,,190.0,-11.0,536.9000000000001,-7.0,9.0,4.345703125,3.427641190440499e-05,2.19888159369092,,329.0,733.8808317316093
1.0,25,1,0,0,1,1,50200.0,1163.3333333333333,13.333333333333258,-23.333333333333258,0.12171090761562536,45.0,14,8,-47.0,22.0,13.0,,,,-2,120.0,89.0,10.0,,,,,363.3333333333333,-12.0,531.5133333333333,-3.0,8.0,4.26025390625,3.442203630883578e-05,2.2828747611318407,,291.0,629.707371280405
1.0,25,1,0,0,1,1,51340.0,1140.0,-23.333333333333258,23.333333333333258,0.0,50.0,14,9,-45.0,22.0,13.0,,,,4,120.0,94.0,8.0,,,,,186.66666666666666,-12.0,531.7733333333333,-4.0,10.0,4.1015625,4.0001834154374824e-05,2.2294289825939195,,308.0,461.1978846390358
1.0,25,1,0,0,1,1,52503.333333333336,1163.3333333333333,23.333333333333258,-30.0,0.0,47.0,13,8,-44.0,23.0,14.0,,,,2,120.0,91.0,14.0,,,,,190.0,-11.0,531.5133333333333,-6.0,9.0,4.345703125,3.415337001623867e-05,2.4486753221435684,,299.0,774.6352008647091
1.0,25,1,0,0,1,1,53636.666666666664,1133.3333333333333,-30.0,1163.3333333333333,0.001842948061628183,50.0,12,7,-46.0,29.0,14.0,,,,3,136.66666666666666,96.0,16.0,,,,,183.33333333333334,-11.0,526.1333333333333,-1.0,9.0,4.443359375,2.7733527270954847e-05,2.2716220337869384,,322.0,668.3526011560693
8.0,25,1,0,0,1,1,55933.333333333336,2296.6666666666665,1163.3333333333333,-1123.3333333333333,0.09695906721671894,43.0,11,6,-50.0,23.0,15.0,,,,-6,113.33333333333333,93.0,17.0,,,,,170.0,-12.0,443.0,-9.0,94.0,5.810546875,0.0011338319789175226,2.999425612502315,,319.0,1800.3072196620583
1.0,25,1,0,0,1,1,57106.666666666664,1173.3333333333333,-1123.3333333333333,-23.333333333333258,0.1576692588916668,50.0,14,7,-45.0,25.0,12.0,,,,4,130.0,93.0,13.0,,,,,196.66666666666666,-12.0,529.9733333333332,-4.0,12.0,4.248046875,3.686888766183394e-05,2.4105331297057746,,306.0,665.1147322913203
1.0,25,1,0,0,1,1,58256.666666666664,1150.0,-23.333333333333258,3.3333333333332575,0.36479606336935955,51.0,17,8,-47.0,19.0,10.0,,,,3,120.0,95.0,11.0,,,,,190.0,-11.0,530.2333333333333,-6.0,8.0,4.3701171875,2.585685828021927e-05,2.2654066088116513,,322.0,627.9904306220096
1.0,25,1,0,0,1,1,59410.0,1153.3333333333333,3.3333333333332575,-6.666666666666515,0.3415951042175609,53.0,17,8,-47.0,19.0,10.0,,,,5,120.0,99.0,10.0,,,,,230.0,-12.0,529.7199999999999,-6.0,7.0,4.39453125,3.052214951366415e-05,2.2438038035868813,,321.0,507.8720162519046
1.0,25,1,0,0,1,1,60556.666666666664,1146.6666666666667,-6.666666666666515,-3.333333333333485,0.34004756949606063,48.0,16,8,-44.0,20.0,11.0,,,,3,120.0,91.0,13.0,,,,,250.0,-13.0,530.7466666666667,-7.0,9.0,4.21142578125,3.708933388891067e-05,2.5267742689767,,322.0,782.2685788787484
1.0,25,1,0,0,1,1,61700.0,1143.3333333333333,-3.333333333333485,-3.3333333333332575,0.311479903316638,52.0,17,9,-45.0,19.0,11.0,,,,6,120.0,95.0,14.0,,,,,383.3333333333333,-11.0,531.2600000000001,-8.0,9.0,4.40673828125,3.790995737519041e-05,2.3592530692518308,,339.0,812.0300751879698
1.0,25,1,0,0,1,1,62840.0,1140.0,-3.3333333333332575,-3.3333333333332575,0.3123880609448281,48.0,15,7,-45.0,21.0,12.0,,,,2,120.0,93.0,21.0,,,,,183.33333333333334,-11.0,525.1066666666666,-7.0,9.0,4.150390625,2.9165017588224798e-05,2.323424551665159,,312.0,838.3451795152178
1.0,25,1,0,0,1,1,63976.666666666664,1136.6666666666667,-3.3333333333332575,-6.6666666666667425,0.3133015297469359,51.0,17,8,-47.0,19.0,10.0,,,,3,120.0,95.0,14.0,,,,,373.3333333333333,-11.0,528.9533333333334,-7.0,9.0,4.35791015625,3.501770843263432e-05,1.9770266236064344,,314.0,595.4887218045112
1.0,25,1,0,0,1,1,65106.666666666664,1130.0,-6.6666666666667425,13.333333333333258,0.31046792250452504,49.0,17,8,-43.0,19.0,10.0,,,,6,120.0,90.0,10.0,,,,,396.6666666666667,-12.0,526.6466666666668,-6.0,8.0,4.33349609375,2.4729540993507082e-05,2.29810859380742,,303.0,500.96339113680153
1.0,25,1,0,0,1,1,66250.0,1143.3333333333333,13.333333333333258,-6.666666666666515,0.12386457473162675,49.0,17,8,-50.0,19.0,10.0,,,,0,120.0,93.0,9.0,,,,,190.0,-11.0,527.9266666666667,-4.0,10.0,4.1259765625,3.906251777409955e-05,2.0439804601542297,,325.0,706.7778180500181
1.0,25,1,0,0,0,1,67386.66666666667,1136.6666666666667,-6.666666666666515,-10.0,0.0,50.0,16,8,-46.0,20.0,11.0,,,,3,120.0,95.0,13.0,,,,,,,,-6.0,9.0,4.35791015625,2.7506824473140463e-05,2.3621601553821994,,304.0,685.7142857142857
1.0,25,1,0,0,1,0,68513.33333333333,1126.6666666666667,-10.0,13.333333333333258,0.0,47.0,17,8,-46.0,19.0,10.0,,,,0,120.0,91.0,12.0,,,,,176.66666666666666,-11.0,527.16,-6.0,,,,,,299.0,
1.0,25,1,0,0,1,1,69653.33333333333,1140.0,13.333333333333258,-6.6666666666667425,0.0,52.0,17,8,-44.0,19.0,10.0,,,,7,120.0,94.0,16.0,,,,,363.3333333333333,-12.0,528.44,-8.0,8.0,4.47998046875,3.139513558422215e-05,2.14154920416561,,326.0,667.1474936891453
1.0,25,1,0,0,1,1,70786.66666666667,1133.3333333333333,-6.6666666666667425,20.0,0.0,45.0,16,7,-45.0,20.0,11.0,,,,0,120.0,88.0,15.0,,,,,186.66666666666666,-12.0,526.1333333333333,-4.0,9.0,4.3701171875,3.2121029832899077e-05,2.2383930093602658,,311.0,818.1818181818181
1.0,25,1,0,0,1,1,71940.0,1153.3333333333333,20.0,-30.0,0.0,52.0,17,9,-47.0,19.0,10.0,,,,4,120.0,95.0,12.0,,,,,436.6666666666667,-11.0,533.0533333333333,-9.0,9.0,4.3701171875,3.065531804755291e-05,2.4137788027951452,,325.0,617.4654513378418
1.0,25,1,0,0,1,1,73063.33333333333,1123.3333333333333,-30.0,6.6666666666667425,0.0006196452324495815,52.0,17,8,-47.0,19.0,11.0,,,,4,120.0,96.0,19.0,,,,,406.6666666666667,-11.0,527.6733333333333,-8.0,8.0,4.28466796875,1.7885628990362774e-05,2.5663189148359837,,308.0,698.529411764706
1.0,25,1,0,0,0,1,74193.33333333333,1130.0,6.6666666666667425,16.666666666666742,0.03178935946559967,43.0,13,7,-48.0,24.0,14.0,,,,-5,123.33333333333333,90.0,7.0,,,,,,,,-2.0,7.0,4.4189453125,2.970951862299889e-05,1.9872671612194006,,290.0,495.23809523809524
1.0,25,1,0,0,1,0,75340.0,1146.6666666666667,16.666666666666742,-6.6666666666667425,0.031596242153599866,47.0,11,7,-48.0,23.0,14.0,,,,0,113.33333333333333,95.0,18.0,,,,,340.0,-14.0,527.4133333333334,-6.0,,,,,,328.0,
1.0,25,1,0,0,1,1,76480.0,1140.0,-6.6666666666667425,-3.3333333333332575,0.03114980147193195,46.0,13,7,-46.0,26.0,14.0,,,,0,130.0,92.0,11.0,,,,,193.33333333333334,-12.0,525.1066666666666,-2.0,9.0,4.18701171875,3.0420511775009883e-05,2.1969222993816278,,300.0,537.302371541502
1.0,25,1,0,0,1,1,77616.66666666667,1136.6666666666667,-3.3333333333332575,10.0,0.03133015297469359,51.0,14,7,-48.0,25.0,13.0,,,,2,130.0,98.0,10.0,,,,,186.66666666666666,-11.0,525.62,-4.0,8.0,4.40673828125,2.9308209015867288e-05,2.161300312358985,,303.0,487.0129870129871
1.0,25,1,0,0,1,1,78763.33333333333,1146.6666666666667,10.0,0.0,0.03141466520344137,46.0,14,7,-44.0,25.0,13.0,,,,2,130.0,90.0,9.0,,,,,183.33333333333334,-11.0,527.4133333333334,-2.0,7.0,4.3701171875,2.4289015738489075e-05,2.2352171464311277,,282.0,595.903165735568
1.0,25,1,0,0,1,1,79910.0,1146.6666666666667,0.0,-20.0,0.03114617940199335,48.0,13,7,-47.0,26.0,14.0,,,,0,130.0,95.0,10.0,,,,,186.66666666666666,-11.0,527.4133333333334,-4.0,7.0,4.4677734375,2.437638325137892e-05,2.2909727396096895,,318.0,514.488468361916
1.0,25,1,0,0,1,1,81036.66666666667,1126.6666666666667,-20.0,26.666666666666515,0.030533907176922177,46.0,13,7,-46.0,26.0,14.0,,,,0,130.0,92.0,12.0,,,,,183.33333333333334,-12.0,523.8266666666667,-2.0,9.0,4.345703125,2.7153965365964114e-05,2.294890895711429,,321.0,739.3832153690596
1.0,25,1,0,0,1,1,82190.0,1153.3333333333333,26.666666666666515,-3.3333333333332575,0.0,47.0,13,7,-45.0,26.0,14.0,,,,1,130.0,92.0,9.0,,,,,243.33333333333334,-12.0,526.3866666666667,-4.0,8.0,4.248046875,3.308957268014878e-05,2.4472577394961315,,321.0,591.2565695174392
1.0,25,1,0,0,1,1,83340.0,1150.0,-3.3333333333332575,-3.3333333333332575,0.0,52.0,13,7,-45.0,26.0,14.0,,,,6,130.0,97.0,19.0,,,,,233.33333333333334,-12.0,526.9000000000001,-5.0,8.0,4.3212890625,2.847532897722743e-05,2.4546131835283287,,342.0,967.5747278696078
1.0,25,1,0,0,1,1,84486.66666666667,1146.6666666666667,-3.3333333333332575,-13.333333333333485,0.0,46.0,13,7,-47.0,26.0,14.0,,,,0,130.0,93.0,13.0,,,,,180.0,-11.0,527.4133333333334,-5.0,9.0,4.296875,2.9511268171716847e-05,2.278476247029606,,330.0,670.5328017397608
1.0,25,1,0,0,1,1,85620.0,1133.3333333333333,-13.333333333333485,16.666666666666742,0.0,52.0,14,8,-47.0,25.0,13.0,,,,4,130.0,96.0,22.0,,,,,183.33333333333334,-12.0,529.4666666666667,-3.0,9.0,4.38232421875,2.566061294908466e-05,2.287532898836548,,342.0,993.4971098265896
1.0,25,1,0,0,0,1,86770.0,1150.0,16.666666666666742,0.0,0.0,45.0,13,6,-44.0,26.0,13.0,,,,1,130.0,89.0,7.0,,,,,,,,-3.0,9.0,4.35791015625,2.6915374088971767e-05,2.511833142086968,,302.0,577.3170277484636
1.0,25,1,0,0,1,0,87920.0,1150.0,0.0,-10.0,0.0,48.0,13,7,-48.0,26.0,13.0,,,,0,130.0,96.0,16.0,,,,,176.66666666666666,-11.0,526.9000000000001,-4.0,,,,,,328.0,
1.0,25,1,0,0,0,1,89060.0,1140.0,-10.0,23.333333333333258,0.0,53.0,13,6,-47.0,25.0,14.0,,,,5,126.66666666666667,100.0,11.0,,,,,,,,-2.0,8.0,4.40673828125,2.9440193943451616e-05,2.153388879984322,,315.0,576.271186440678
1.0,25,1,0,0,1,0,90223.33333333333,1163.3333333333333,23.333333333333258,-13.333333333333258,0.0006263100318165497,48.0,13,8,-48.0,26.0,14.0,,,,0,130.0,95.0,23.0,,,,,183.33333333333334,-11.0,531.5133333333333,-6.0,,,,,,334.0,
1.0,25,1,0,0,1,1,91373.33333333333,1150.0,-13.333333333333258,23.333333333333258,0.030706997920112673,46.0,13,7,-46.0,26.0,14.0,,,,0,130.0,91.0,9.0,,,,,190.0,-11.0,526.9000000000001,-3.0,10.0,4.18701171875,3.9937358938619604e-05,2.1716361871405603,,319.0,777.8738115816767
1.0,25,1,0,0,0,1,92546.66666666667,1173.3333333333333,23.333333333333258,-30.0,0.032285035472147956,48.0,13,7,-45.0,26.0,14.0,,,,2,130.0,93.0,13.0,,,,,,,,-3.0,8.0,4.18701171875,3.434897433163571e-05,2.1226872469967857,,304.0,676.3787721123829
1.0,25,1,0,0,0,0,93690.0,1143.3333333333333,-30.0,13.333333333333485,0.09197073178654668,47.0,13,6,-47.0,26.0,13.0,,,,0,130.0,94.0,13.0,,,,,,,,-3.0,,,,,,304.0,
1.0,25,1,0,0,1,0,94846.66666666667,1156.6666666666667,13.333333333333485,-16.666666666666742,0.12366961475041224,44.0,13,8,-47.0,26.0,14.0,,,,-2,130.0,91.0,14.0,,,,,180.0,-12.0,529.2066666666667,-4.0,,,,,,315.0,
1.0,25,1,0,0,1,1,95986.66666666667,1140.0,-16.666666666666742,40.0,0.06238932586583205,51.0,12,7,-45.0,23.0,14.0,,,,5,116.66666666666667,96.0,13.0,,,,,183.33333333333334,-12.0,525.1066666666666,-4.0,9.0,4.3212890625,2.921823528216976e-05,2.3153676866399477,,325.0,745.7386363636364
1.0,25,1,0,0,1,1,97166.66666666667,1180.0,40.0,-30.0,0.09642356241234223,49.0,13,7,-46.0,22.0,14.0,,,,2,116.66666666666667,95.0,11.0,,,,,193.33333333333334,-12.0,528.9466666666667,-9.0,9.0,4.06494140625,3.982218012993052e-05,2.358539849966947,,305.0,568.0868838763575
1.0,25,1,0,0,1,1,98316.66666666667,1150.0,-30.0,16.666666666666742,0.2113665544223455,49.0,11,6,-48.0,24.0,15.0,,,,0,116.66666666666667,97.0,14.0,,,,,430.0,-13.0,523.5666666666666,-7.0,8.0,4.3701171875,3.180889127270338e-05,2.5368687621974564,,320.0,625.5067763234101
1.0,25,1,0,0,1,1,99483.33333333333,1166.6666666666667,16.666666666666742,-30.0,0.1862814091153703,42.0,12,7,-48.0,23.0,15.0,,,,-6,116.66666666666667,89.0,12.0,,,,,360.0,-14.0,527.6666666666666,-8.0,8.0,4.39453125,2.7254862754933163e-05,2.4437094427581716,,326.0,659.5017098192476
1.0,25,1,0,0,1,1,100620.0,1136.6666666666667,-30.0,36.666666666666515,0.18499309849146903,44.0,11,7,-53.0,24.0,14.0,,,,-8,116.66666666666667,95.0,18.0,,,,,183.33333333333334,-12.0,525.62,-7.0,9.0,4.345703125,3.267530950348943e-05,2.351877387045289,,353.0,998.1851179673321
1.0,25,1,0,0,1,1,101793.33333333333,1173.3333333333333,36.666666666666515,-23.333333333333258,0.2511994775050868,48.0,12,7,-48.0,23.0,14.0,,,,0,116.66666666666667,96.0,18.0,,,,,193.33333333333334,-12.0,529.9733333333332,-8.0,9.0,4.2236328125,4.533356577375305e-05,2.2101495516701095,,331.0,768.716577540107
1.0,25,1,0,0,1,1,102943.33333333333,1150.0,-23.333333333333258,6.6666666666667425,0.2429943727618939,48.0,12,7,-46.0,23.0,14.0,,,,1,116.66666666666667,94.0,17.0,,,,,190.0,-11.0,526.9000000000001,-8.0,9.0,4.35791015625,3.7887163572583204e-05,2.390481299619263,,323.0,811.3956004327442
1.0,25,1,0,0,0,1,104100.0,1156.6666666666667,6.6666666666667425,-3.333333333333485,0.2173661024808718,46.0,13,7,-46.0,22.0,14.0,,,,0,116.66666666666667,92.0,9.0,,,,,,,,-7.0,8.0,4.38232421875,3.218831444330799e-05,2.347762497915206,,300.0,486.42805668988706
1.0,25,1,0,0,1,0,105253.33333333333,1153.3333333333333,-3.333333333333485,26.666666666666742,0.21491563943578468,48.0,12,7,-46.0,23.0,14.0,,,,1,116.66666666666667,94.0,11.0,,,,,346.6666666666667,-14.0,526.3866666666667,-4.0,,,,,,329.0,
1.0,25,1,0,0,1,1,106433.33333333333,1180.0,26.666666666666742,-30.0,0.154759153488065,45.0,13,8,-46.0,22.0,13.0,,,,0,116.66666666666667,91.0,8.0,,,,,196.66666666666666,-13.0,532.2800000000001,-11.0,10.0,4.1015625,3.4245171654134e-05,2.274915354222656,,306.0,546.5123112181935
1.0,25,1,0,0,1,1,107583.33333333333,1150.0,-30.0,20.0,0.15140870660626468,43.0,11,6,-52.0,24.0,15.0,,,,-8,116.66666666666667,95.0,13.0,,,,,190.0,-12.0,523.5666666666666,-7.0,9.0,4.3212890625,3.623738229952941e-05,2.4378650800962225,,322.0,620.9343583678296
1.0,25,1,0,0,1,1,108753.33333333333,1170.0,20.0,-6.6666666666667425,0.15522551162328632,45.0,12,6,-49.0,23.0,14.0,,,,-3,116.66666666666667,94.0,17.0,,,,,183.33333333333334,-13.0,523.82,-9.0,9.0,4.23583984375,4.1285244349560905e-05,2.1533464366267463,,308.0,720.6588881262869
1.0,25,1,0,0,1,1,109916.66666666667,1163.3333333333333,-6.6666666666667425,-13.333333333333258,0.1508108372138461,42.0,11,6,-49.0,24.0,15.0,,,,-6,116.66666666666667,91.0,14.0,,,,,190.0,-13.0,524.8466666666667,-6.0,8.0,4.248046875,2.9056228366943656e-05,2.1651314769380576,,310.0,612.5022518465141
1.0,25,1,0,0,1,1,111066.66666666667,1150.0,-13.333333333333258,16.666666666666742,0.06202813579862759,45.0,12,6,-50.0,23.0,14.0,,,,-4,116.66666666666667,95.0,12.0,,,,,346.6666666666667,-12.0,523.5666666666666,-6.0,10.0,4.1748046875,3.0305620697688246e-05,2.321224718541194,,315.0,617.4654513378418
1.0,25,1,0,0,1,1,112233.33333333333,1166.6666666666667,16.666666666666742,-20.0,0.09251976652730058,47.0,12,7,-47.0,23.0,14.0,,,,0,116.66666666666667,94.0,17.0,,,,,343.3333333333333,-11.0,527.6666666666666,-8.0,10.0,4.248046875,4.047837862942178e-05,2.3309021934703757,,339.0,797.8723404255319
1.0,25,1,0,0,1,1,113380.0,1146.6666666666667,-20.0,13.333333333333258,0.06185794313152263,50.0,13,7,-46.0,22.0,13.0,,,,3,116.66666666666667,96.0,12.0,,,,,226.66666666666666,-11.0,527.4133333333334,-9.0,8.0,4.345703125,2.945929220715644e-05,2.465808801869588,,325.0,759.180790960452
1.0,25,1,0,0,1,1,114540.0,1160.0,13.333333333333258,-20.0,0.09341681336566246,44.0,12,7,-49.0,23.0,14.0,,,,-4,116.66666666666667,93.0,17.0,,,,,186.66666666666666,-13.0,528.6933333333334,-8.0,7.0,4.33349609375,2.477115804895782e-05,2.562274467381063,,321.0,762.14108472173
1.0,25,1,0,0,1,1,115680.0,1140.0,-20.0,50.0,0.09116444094022569,45.0,12,7,-48.0,23.0,14.0,,,,-2,116.66666666666667,92.0,16.0,,,,,190.0,-13.0,525.1066666666666,-4.0,8.0,4.3701171875,3.5025276369461764e-05,2.0886394256783007,,319.0,763.975155279503
1.0,25,1,0,0,1,1,116870.0,1190.0,50.0,-30.0,0.03380493301615124,45.0,12,7,-48.0,23.0,14.0,,,,-2,116.66666666666667,93.0,12.0,,,,,196.66666666666666,-14.0,530.7400000000001,-8.0,8.0,4.052734375,3.369022691165778e-05,2.2222287010639836,,303.0,504.0322580645161
1.0,25,1,0,0,1,1,118030.0,1160.0,-30.0,26.666666666666742,0.15013572269331477,49.0,13,7,-46.0,22.0,14.0,,,,2,116.66666666666667,95.0,14.0,,,,,333.3333333333333,-13.0,528.6933333333334,-8.0,9.0,4.296875,4.185616112667537e-05,2.281381796845032,,317.0,670.391061452514
1.0,25,1,0,0,1,1,119216.66666666667,1186.6666666666667,26.666666666666742,-33.333333333333485,0.1557165835084034,47.0,12,7,-46.0,23.0,14.0,,,,0,116.66666666666667,93.0,10.0,,,,,193.33333333333334,-13.0,531.2533333333333,-7.0,10.0,4.1259765625,4.122609936657122e-05,2.2021494516687525,,324.0,529.1005291005291
1.0,25,1,0,0,1,1,120370.0,1153.3333333333333,-33.333333333333485,36.66666666666674,0.24090580582992047,47.0,12,6,-46.0,23.0,14.0,,,,0,116.66666666666667,93.0,13.0,,,,,370.0,-13.0,523.0533333333333,-6.0,8.0,4.296875,3.866298083599032e-05,2.174399073684474,,310.0,688.6553098948895
1.0,25,1,0,0,1,1,121560.0,1190.0,36.66666666666674,-20.0,0.25066638058377416,43.0,11,7,-53.0,24.0,15.0,,,,-9,116.66666666666667,96.0,9.0,,,,,443.3333333333333,-13.0,530.7400000000001,-7.0,9.0,4.06494140625,3.255841115234441e-05,2.273709821257617,,296.0,441.75392670157066
1.0,25,1,0,0,1,1,122730.0,1170.0,-20.0,-6.6666666666667425,0.389086367566529,50.0,12,7,-49.0,23.0,14.0,,,,0,116.66666666666667,99.0,13.0,,,,,186.66666666666666,-12.0,527.1533333333333,-7.0,8.0,4.1748046875,2.727579888884039e-05,2.3011988711263704,,297.0,466.2004662004662
1.0,25,1,0,0,1,1,123893.33333333333,1163.3333333333333,-6.6666666666667425,-10.0,0.33459246474974763,47.0,12,7,-48.0,23.0,14.0,,,,0,116.66666666666667,95.0,11.0,,,,,236.66666666666666,-12.0,528.18,-8.0,7.0,4.26025390625,3.2314214598151846e-05,2.2374885552511814,,307.0,468.47888953152113
1.0,25,1,0,0,1,1,125046.66666666667,1153.3333333333333,-10.0,-20.0,0.27573303637956587,47.0,13,7,-46.0,22.0,14.0,,,,0,116.66666666666667,93.0,14.0,,,,,353.3333333333333,-13.0,526.3866666666667,-8.0,7.0,4.35791015625,3.35614835699718e-05,2.191867418058216,,309.0,594.701748062714
1.0,25,1,0,0,1,1,126180.0,1133.3333333333333,-20.0,30.0,0.24843463463794213,43.0,12,7,-47.0,23.0,14.0,,,,-4,116.66666666666667,90.0,11.0,,,,,190.0,-12.0,526.1333333333333,-8.0,9.0,4.21142578125,2.8884481460637573e-05,2.3798943445640663,,310.0,632.183908045977
1.0,25,1,0,0,1,1,127343.33333333333,1163.3333333333333,30.0,-10.0,0.28346337653175213,53.0,12,6,-48.0,23.0,14.0,,,,4,116.66666666666667,101.0,13.0,,,,,360.0,-12.0,524.8466666666667,-7.0,8.0,4.248046875,3.3292291733716665e-05,2.4016260736285022,,330.0,722.5046829007225
1.0,25,1,0,0,0,1,128496.66666666667,1153.3333333333333,-10.0,3.333333333333485,0.2751189316214822,51.0,12,7,-48.0,23.0,14.0,,,,2,116.66666666666667,99.0,17.0,,,,,,,,-9.0,9.0,4.40673828125,3.312059916934623e-05,2.288234595707407,,322.0,744.8789571694601
1.0,25,1,0,0,1,0,129653.33333333333,1156.6666666666667,3.333333333333485,-26.666666666666742,0.2167504768510491,52.0,12,7,-49.0,23.0,14.0,,,,2,116.66666666666667,101.0,17.0,,,,,373.3333333333333,-14.0,525.8733333333334,-7.0,,,,,,367.0,
1.0,25,1,0,0,1,1,130783.33333333333,1130.0,-26.666666666666742,53.33333333333326,0.2156202118720859,45.0,12,7,-51.0,23.0,14.0,,,,-5,116.66666666666667,95.0,15.0,,,,,180.0,-12.0,523.3133333333333,-6.0,9.0,4.28466796875,3.140882589579591e-05,2.4144222807234312,,335.0,766.656525707332
1.0,25,1,0,0,1,1,131966.66666666666,1183.3333333333333,53.33333333333326,-20.0,0.19071756959296743,52.0,12,7,-47.0,23.0,14.0,,,,4,116.66666666666667,98.0,14.0,,,,,196.66666666666666,-12.0,528.4333333333333,-7.0,10.0,4.16259765625,5.613018405281167e-05,2.4433638786805973,,330.0,673.1488406881077
1.0,25,1,0,0,1,1,133130.0,1163.3333333333333,-20.0,16.666666666666742,0.24153033621022799,49.0,12,7,-46.0,23.0,14.0,,,,2,116.66666666666667,95.0,11.0,,,,,340.0,-11.0,528.18,-7.0,8.0,4.33349609375,3.290891490572403e-05,2.3571506247122396,,292.0,540.8548996801395
1.0,25,1,0,0,1,1,134310.0,1180.0,16.666666666666742,-23.333333333333258,0.24614314359373082,50.0,12,7,-49.0,23.0,14.0,,,,0,116.66666666666667,99.0,14.0,,,,,440.0,-12.0,528.9466666666667,-8.0,8.0,4.1748046875,3.481117124519084e-05,2.101048877044817,,326.0,534.7593582887699
1.0,25,1,0,0,1,1,135466.66666666666,1156.6666666666667,-23.333333333333258,26.666666666666515,0.2700825992523274,45.0,12,7,-50.0,23.0,14.0,,,,-4,116.66666666666667,95.0,16.0,,,,,183.33333333333334,-13.0,525.8733333333334,-7.0,9.0,4.4189453125,4.182707757958199e-05,2.356093304876635,,318.0,723.3166715671862
1.0,25,1,0,0,1,1,136650.0,1183.3333333333333,26.666666666666515,-16.666666666666515,0.1549306207100884,53.0,12,7,-48.0,23.0,14.0,,,,4,116.66666666666667,99.0,8.0,,,,,200.0,-14.0,528.4333333333333,-7.0,9.0,4.21142578125,3.2426113402877716e-05,2.1974426600858936,,325.0,416.8670835337502
1.0,25,1,0,0,1,1,137816.66666666666,1166.6666666666667,-16.666666666666515,6.666666666666515,0.18053375196232335,43.0,12,8,-53.0,23.0,14.0,,,,-9,116.66666666666667,94.0,12.0,,,,,190.0,-11.0,530.9999999999999,-9.0,8.0,4.28466796875,3.0173862399958057e-05,2.393126713544437,,296.0,599.5062889385212
1.0,25,1,0,1,1,1,138990.0,1173.3333333333333,6.666666666666515,6.6666666666667425,0.15365590871247367,49.0,11,6,-51.0,24.0,14.0,,,,-1,116.66666666666667,100.0,15.0,173.33333333333334,153.33333333333334,6.0,0.83984401002383,190.0,-11.0,526.64,-8.0,8.0,4.40673828125,1.9725864066124896e-05,2.4568491635677683,446.6666666666667,328.0,425.37313432835816
1.0,25,1,0,0,1,1,140170.0,1180.0,6.6666666666667425,-3.3333333333332575,0.1789569367117373,44.0,12,7,-48.0,23.0,14.0,,,,-3,116.66666666666667,92.0,17.0,,,,,270.0,-13.0,528.9466666666667,-7.0,8.0,4.19921875,3.0085499002835747e-05,2.311769988288736,,312.0,666.1991584852735
1.0,25,1,0,0,1,1,141346.66666666666,1176.6666666666667,-3.3333333333332575,-10.0,0.0,52.0,12,7,-46.0,23.0,14.0,,,,5,116.66666666666667,98.0,5.0,,,,,420.0,-14.0,529.4599999999999,-7.0,10.0,4.08935546875,4.26801811901698e-05,2.2369928857427195,,321.0,463.3204633204634
1.0,25,1,0,0,1,1,142513.33333333334,1166.6666666666667,-10.0,-6.6666666666667425,0.0,42.0,11,7,-53.0,24.0,15.0,,,,-10,116.66666666666667,95.0,23.0,,,,,436.6666666666667,-12.0,527.6666666666666,-9.0,10.0,4.28466796875,3.784061843442309e-05,2.301760573475427,,315.0,815.5002891844998
1.0,25,1,0,0,1,1,143673.33333333334,1160.0,-6.6666666666667425,13.333333333333258,0.0,50.0,12,7,-47.0,23.0,14.0,,,,2,116.66666666666667,97.0,15.0,,,,,436.6666666666667,-13.0,528.6933333333334,-7.0,8.0,4.52880859375,3.1074053877669186e-05,2.495429069357697,,332.0,632.2264623796776
1.0,25,1,0,0,1,1,144846.66666666666,1173.3333333333333,13.333333333333258,-26.666666666666515,0.0,46.0,12,7,-46.0,23.0,14.0,,,,0,116.66666666666667,92.0,14.0,,,,,233.33333333333334,-13.0,529.9733333333332,-7.0,10.0,4.13818359375,4.032003615032996e-05,2.126608328552715,,336.0,881.3160987074031
1.0,25,1,0,0,1,1,145993.33333333334,1146.6666666666667,-26.666666666666515,30.0,0.0012180861430520365,51.0,12,7,-47.0,23.0,14.0,,,,3,116.66666666666667,98.0,12.0,,,,,186.66666666666666,-12.0,527.4133333333334,-4.0,11.0,4.150390625,4.110627540895913e-05,2.143370794879409,,357.0,747.9128014842302
1.0,25,1,0,0,1,1,147170.0,1176.6666666666667,30.0,-6.6666666666667425,0.06288237882171288,48.0,15,7,-47.0,20.0,12.0,,,,0,116.66666666666667,92.0,15.0,,,,,153.33333333333334,-12.0,492.79333333333335,-8.0,9.0,4.1015625,4.2566183077161265e-05,2.254529048097453,,316.0,767.2634271099744
1.0,25,1,0,0,1,1,148340.0,1170.0,-6.6666666666667425,26.666666666666742,0.09106657168760522,52.0,13,7,-47.0,23.0,13.0,,,,4,120.0,99.0,16.0,,,,,433.3333333333333,-13.0,527.1533333333333,-6.0,11.0,4.30908203125,3.91306620333803e-05,2.525687018260843,,320.0,702.9053420805999
1.0,25,1,0,0,1,1,149536.66666666666,1196.6666666666667,26.666666666666742,-43.333333333333485,0.09275381185621533,47.0,13,8,-45.0,25.0,14.0,,,,1,126.66666666666667,91.0,8.0,,,,,253.33333333333334,-13.0,533.0466666666666,-3.0,8.0,4.1015625,3.551660884123455e-05,2.41017488931642,,320.0,517.8068005293136
1.0,25,1,0,0,1,1,150690.0,1153.3333333333333,-43.333333333333485,50.0,0.14933218646214128,50.0,13,8,-46.0,24.0,14.0,,,,3,123.33333333333333,96.0,18.0,,,,,180.0,-13.0,529.7199999999999,-2.0,10.0,4.19921875,3.6488998957650744e-05,2.482996924340692,,355.0,870.028409090909
1.0,25,1,0,0,1,1,151893.33333333334,1203.3333333333333,50.0,-20.0,0.1571717338393631,46.0,13,8,-47.0,25.0,14.0,,,,0,126.66666666666667,93.0,15.0,,,,,200.0,-14.0,535.3533333333334,-4.0,11.0,3.9794921875,4.439037585793057e-05,2.5542031354849293,,328.0,831.3934153641503
1.0,25,1,0,0,1,1,153076.66666666666,1183.3333333333333,-20.0,-13.333333333333258,0.26720397757861736,51.0,13,8,-45.0,25.0,13.0,,,,5,126.66666666666667,96.0,15.0,,,,,190.0,-14.0,531.7666666666668,-3.0,8.0,4.1259765625,3.3337060261746794e-05,2.448009608729752,,312.0,645.3804347826086
1.0,25,1,0,0,1,1,154246.66666666666,1170.0,-13.333333333333258,-3.3333333333332575,0.27169100481396213,52.0,13,8,-46.0,25.0,14.0,,,,5,126.66666666666667,97.0,10.0,,,,,183.33333333333334,-13.0,530.4866666666667,-3.0,7.0,4.19921875,2.6998552860927203e-05,2.27253594757964,,327.0,543.7861107964201
1.0,25,1,0,0,1,1,155413.33333333334,1166.6666666666667,-3.3333333333332575,13.333333333333258,0.2735198586814064,48.0,14,8,-46.0,23.0,13.0,,,,1,123.33333333333333,93.0,16.0,,,,,350.0,-14.0,530.9999999999999,-2.0,9.0,4.21142578125,3.58938177464831e-05,2.4360934530213987,,321.0,797.5895072669266
1.0,25,1,0,0,1,1,156593.33333333334,1180.0,13.333333333333258,-13.333333333333258,0.21423674588665448,52.0,13,8,-46.0,25.0,14.0,,,,5,126.66666666666667,97.0,8.0,,,,,196.66666666666666,-13.0,532.2800000000001,-4.0,9.0,4.13818359375,4.364339093500796e-05,2.400041716355277,,318.0,465.5803126039242
1.0,25,1,0,0,1,1,157760.0,1166.6666666666667,-13.333333333333258,13.333333333333258,0.21251776026866445,49.0,14,8,-45.0,24.0,13.0,,,,3,126.66666666666667,93.0,16.0,,,,,190.0,-13.0,530.9999999999999,-3.0,9.0,4.43115234375,2.9799738117431034e-05,2.684864624766689,,312.0,677.2411334877918
1.0,25,1,0,0,1,1,158940.0,1180.0,13.333333333333258,0.0,0.2430056803342909,45.0,12,8,-49.0,26.0,14.0,,,,-3,126.66666666666667,94.0,12.0,,,,,360.0,-14.0,532.2800000000001,-7.0,9.0,4.23583984375,3.3830031178953346e-05,2.2696186372096356,,330.0,669.1832532601236
1.0,25,1,0,0,1,1,160120.0,1180.0,0.0,-13.333333333333258,0.15012106537530268,44.0,13,8,-44.0,25.0,15.0,,,,0,126.66666666666667,88.0,21.0,,,,,186.66666666666666,-13.0,532.2800000000001,-4.0,8.0,4.13818359375,3.3996936985685856e-05,2.259212839012322,,315.0,939.8034398034398
1.0,25,1,0,0,1,1,161286.66666666666,1166.6666666666667,-13.333333333333258,33.33333333333326,0.08900316455696203,52.0,13,9,-47.0,25.0,14.0,,,,4,126.66666666666667,98.0,10.0,,,,,200.0,-13.0,534.3333333333334,-5.0,9.0,4.08935546875,3.173199373463129e-05,2.2383483918467357,,336.0,561.2244897959184
1.0,25,1,0,0,1,1,162486.66666666666,1200.0,33.33333333333326,-10.0,0.002447580974137228,48.0,14,9,-46.0,24.0,12.0,,,,1,126.66666666666667,94.0,12.0,,,,,206.66666666666666,-14.0,539.1999999999999,-1.0,10.0,4.0283203125,4.0172144827893026e-05,2.3657355624292467,,317.0,668.3747354350006
1.0,25,1,0,0,1,1,163676.66666666666,1190.0,-10.0,-16.666666666666742,0.1184721263067654,58.0,14,7,-48.0,20.0,11.0,,,,8,113.33333333333333,103.0,11.0,,,,,373.3333333333333,-14.0,530.7400000000001,-9.0,10.0,4.13818359375,3.721081930106379e-05,2.5876315914457515,,347.0,607.4450963086028
1.0,25,1,0,0,1,1,164850.0,1173.3333333333333,-16.666666666666742,-10.0,0.08946083336668935,45.0,11,7,-49.0,23.0,14.0,,,,-3,113.33333333333333,94.0,17.0,,,,,370.0,-14.0,529.9733333333332,-12.0,9.0,4.30908203125,4.052035186656555e-05,2.489555965986646,,348.0,715.0331356818974
1.0,25,1,0,0,1,1,166013.33333333334,1163.3333333333333,-10.0,46.66666666666674,0.061495871861275045,52.0,12,7,-44.0,22.0,13.0,,,,7,113.33333333333333,96.0,11.0,,,,,420.0,-14.0,528.18,-9.0,10.0,4.18701171875,3.365785328656927e-05,2.3794723524307813,,329.0,776.9337016574585
1.0,25,1,0,0,1,1,167223.33333333334,1210.0,46.66666666666674,-30.0,0.09448007329363263,52.0,14,7,-46.0,20.0,10.0,,,,5,113.33333333333333,95.0,16.0,,,,,370.0,-14.0,530.9933333333333,-9.0,10.0,3.955078125,4.5573439283611e-05,2.345913440888555,,321.0,596.1331901181525
1.0,25,1,0,0,1,1,168403.33333333334,1180.0,-30.0,0.0,0.20671407309409623,50.0,14,7,-45.0,20.0,11.0,,,,4,113.33333333333333,94.0,15.0,,,,,336.6666666666667,-13.0,528.9466666666667,-9.0,9.0,4.248046875,4.413627119842597e-05,2.414400071534512,,302.0,659.1119333950046
1.0,25,1,0,0,1,1,169583.33333333334,1180.0,0.0,-16.666666666666742,0.21186440677966104,50.0,12,6,-46.0,22.0,12.0,,,,3,113.33333333333333,96.0,12.0,,,,,390.0,-13.0,525.6133333333333,-9.0,8.0,4.150390625,4.236394570380393e-05,2.167577244578261,,312.0,534.75935828877
1.0,25,1,0,0,1,1,170746.66666666666,1163.3333333333333,-16.666666666666742,30.0,0.21192427239333145,56.0,15,7,-44.0,19.0,11.0,,,,11,113.33333333333333,98.0,6.0,,,,,193.33333333333334,-14.0,528.18,-7.0,11.0,4.2724609375,4.026971760988891e-05,2.3457810373842025,,310.0,439.73390461156833
1.0,25,1,0,0,1,1,171940.0,1193.3333333333333,30.0,-20.0,0.2147889340741165,49.0,15,7,-47.0,19.0,10.0,,,,1,113.33333333333333,94.0,14.0,,,,,390.0,-15.0,530.2266666666667,-11.0,11.0,4.052734375,5.090819930793614e-05,2.327386876277652,,312.0,584.8278935056255
1.0,25,1,0,0,1,1,173113.33333333334,1173.3333333333333,-20.0,13.333333333333485,0.21016621692826007,51.0,13,6,-47.0,21.0,12.0,,,,3,113.33333333333333,97.0,13.0,,,,,366.6666666666667,-14.0,526.64,-13.0,10.0,4.18701171875,3.669688050057316e-05,2.3238831151351445,,314.0,605.1098162259076
1.0,25,1,0,0,1,1,174300.0,1186.6666666666667,13.333333333333485,16.666666666666515,0.24284253578732104,55.0,14,7,-47.0,20.0,11.0,,,,7,113.33333333333333,99.0,12.0,,,,,230.0,-14.0,531.2533333333333,-9.0,8.0,4.16259765625,3.8163453145448174e-05,2.1347515156202865,,342.0,564.1521598968409
1.0,25,1,0,0,1,1,175503.33333333334,1203.3333333333333,16.666666666666515,16.666666666666742,0.21061499578770007,48.0,12,7,-47.0,22.0,13.0,,,,0,113.33333333333333,95.0,16.0,,,,,250.0,-16.0,532.0200000000001,-10.0,10.0,4.13818359375,4.1316327164584814e-05,2.2849864778714184,,346.0,822.3684210526316
1.0,25,1,0,0,1,1,176723.33333333334,1220.0,16.666666666666742,-30.0,0.20829212327412272,54.0,14,7,-47.0,20.0,11.0,,,,6,113.33333333333333,98.0,14.0,,,,,450.0,-14.0,529.4533333333334,-7.0,11.0,3.955078125,5.4137126002523316e-05,2.317435334600865,,338.0,655.9766763848396
1.0,25,1,0,0,1,1,177913.33333333334,1190.0,-30.0,3.3333333333332575,0.2343072705546053,51.0,15,7,-48.0,19.0,10.0,,,,2,113.33333333333333,96.0,17.0,,,,,200.0,-13.0,530.7400000000001,-9.0,9.0,4.18701171875,5.239407162583428e-05,2.271627535134482,,333.0,718.5828877005348
1.0,25,1,0,0,1,1,179106.66666666666,1193.3333333333333,3.3333333333332575,-13.333333333333258,0.2400825884104132,49.0,12,7,-47.0,22.0,13.0,,,,1,113.33333333333333,96.0,9.0,,,,,200.0,-15.0,530.2266666666667,-11.0,8.0,4.1259765625,3.6174913468856e-05,2.354177500228983,,321.0,446.42857142857144
1.0,25,1,0,0,1,1,180286.66666666666,1180.0,-13.333333333333258,30.0,0.2376828022223641,54.0,14,7,-44.0,20.0,11.0,,,,9,113.33333333333333,98.0,17.0,,,,,226.66666666666666,-15.0,528.9466666666667,-9.0,9.0,4.248046875,3.927480904582335e-05,2.1978365260604873,,344.0,694.980694980695
1.0,25,1,0,0,1,1,181496.66666666666,1210.0,30.0,-26.666666666666742,0.15246484838217855,50.0,15,9,-46.0,22.0,13.0,,,,3,123.33333333333333,96.0,7.0,,,,,363.3333333333333,-13.0,537.66,-7.0,10.0,4.00390625,4.162722748699197e-05,2.283331689808224,,322.0,534.3264248704663
1.0,25,1,0,0,1,1,182680.0,1183.3333333333333,-26.666666666666742,20.0,0.20552152070176544,52.0,15,8,-46.0,21.0,12.0,,,,5,120.0,98.0,11.0,,,,,353.3333333333333,-13.0,531.7666666666668,-14.0,10.0,4.1748046875,4.541669050592496e-05,2.4236271383938903,,334.0,682.1206743566992
1.0,25,1,0,0,1,1,183883.33333333334,1203.3333333333333,20.0,-20.0,0.15025102178740385,50.0,15,9,-47.0,22.0,13.0,,,,2,123.33333333333333,97.0,11.0,,,,,196.66666666666666,-13.0,538.6866666666666,-5.0,8.0,4.11376953125,4.162281278363762e-05,2.2325440884650245,,336.0,663.8959356614671
1.0,25,1,0,0,1,1,185066.66666666666,1183.3333333333333,-20.0,10.0,0.11935110998511574,52.0,14,9,-47.0,23.0,13.0,,,,4,123.33333333333333,99.0,19.0,,,,,353.3333333333333,-14.0,535.1,-6.0,9.0,4.1259765625,3.830291347913399e-05,2.397286173141851,,346.0,861.06971352873
1.0,25,1,0,0,1,1,186260.0,1193.3333333333333,10.0,6.6666666666667425,0.14846585285384362,49.0,14,9,-45.0,22.0,13.0,,,,3,120.0,94.0,6.0,,,,,203.33333333333334,-15.0,536.8933333333333,-7.0,10.0,4.0771484375,4.8574500338080964e-05,2.0771191693876494,,323.0,492.3042100497963
1.0,25,1,0,0,1,1,187460.0,1200.0,6.6666666666667425,-10.0,0.02992482882997909,48.0,15,9,-45.0,22.0,13.0,,,,2,123.33333333333333,93.0,12.0,,,,,196.66666666666666,-13.0,539.1999999999999,-6.0,10.0,4.16259765625,4.9092875746498536e-05,2.328723931807356,,313.0,716.8458781362007
1.0,25,1,0,0,1,1,188650.0,1190.0,-10.0,40.0,0.029766865906222465,56.0,16,8,-48.0,21.0,11.0,,,,7,123.33333333333333,99.0,16.0,,,,,353.3333333333333,-12.0,534.0733333333334,-4.0,8.0,4.16259765625,4.0698459116869437e-05,2.375261964086322,,332.0,586.5102639296188
1.0,25,1,0,0,1,1,189880.0,1230.0,40.0,-60.0,0.032391189596429774,48.0,13,8,-46.0,23.0,14.0,,,,1,120.0,91.0,18.0,,,,,340.0,-15.0,531.2466666666667,-4.0,9.0,3.89404296875,4.5191200989736933e-05,2.204418114566174,,328.0,646.0875807609475
1.0,25,1,0,0,1,1,191050.0,1170.0,-60.0,16.666666666666742,0.14706566220238096,50.0,13,8,-46.0,23.0,13.0,,,,3,120.0,94.0,15.0,,,,,193.33333333333334,-14.0,530.4866666666667,-3.0,11.0,4.2724609375,4.4238264070586035e-05,2.399348012006623,,328.0,815.6028368794326
1.0,25,1,0,0,1,1,192236.66666666666,1186.6666666666667,16.666666666666742,10.0,0.24413069129674086,50.0,13,8,-46.0,23.0,14.0,,,,3,120.0,95.0,14.0,,,,,196.66666666666666,-15.0,534.5866666666667,-6.0,8.0,4.1259765625,3.9450661008209137e-05,2.300226982331729,,333.0,655.0951847704368
1.0,25,1,0,0,1,1,193433.33333333334,1196.6666666666667,10.0,-3.333333333333485,0.24072989303568418,52.0,13,8,-45.0,23.0,14.0,,,,6,120.0,96.0,12.0,,,,,196.66666666666666,-15.0,533.0466666666666,-5.0,9.0,4.1015625,4.049874005659868e-05,2.4412692612369393,,329.0,595.2380952380953
1.0,25,1,0,0,1,1,194626.66666666666,1193.3333333333333,-3.333333333333485,-26.666666666666515,0.23877175807645468,50.0,12,8,-48.0,24.0,15.0,,,,1,120.0,97.0,11.0,,,,,226.66666666666666,-14.0,533.5600000000001,-5.0,9.0,4.0771484375,4.3532240513581174e-05,2.1062080401484318,,360.0,674.4900197411714
1.0,25,1,0,0,1,1,195793.33333333334,1166.6666666666667,-26.666666666666515,93.33333333333326,0.24073009485484334,48.0,13,8,-43.0,22.0,13.0,,,,4,116.66666666666667,91.0,15.0,,,,,190.0,-14.0,530.9999999999999,-5.0,10.0,4.2724609375,3.857755962935801e-05,2.338351170695485,,330.0,787.5457875457876
1.0,25,1,0,0,1,1,197053.33333333334,1260.0,93.33333333333326,-56.66666666666674,0.3080785029666818,54.0,13,8,-45.0,23.0,13.0,,,,8,120.0,98.0,11.0,,,,,446.6666666666667,-15.0,526.6266666666667,-4.0,10.0,3.6865234375,4.9550295803959274e-05,2.3272082194001475,,320.0,524.7813411078718
1.0,25,1,0,0,1,1,198256.66666666666,1203.3333333333333,-56.66666666666674,-13.333333333333258,0.39775005484903275,53.0,13,8,-48.0,23.0,13.0,,,,4,120.0,99.0,16.0,,,,,196.66666666666666,-13.0,535.3533333333334,-4.0,10.0,4.0771484375,4.76717306411565e-05,2.433056121148619,,331.0,622.0095693779904
1.0,25,1,0,0,1,1,199446.66666666666,1190.0,-13.333333333333258,3.3333333333332575,0.44232200250154363,49.0,13,8,-46.0,23.0,13.0,,,,2,120.0,95.0,14.0,,,,,226.66666666666666,-14.0,534.0733333333334,-6.0,8.0,4.13818359375,3.152653479329556e-05,2.430861545209633,,315.0,645.1612903225806
1.0,25,1,0,0,1,1,200640.0,1193.3333333333333,3.3333333333332575,50.0,0.29950302904199044,56.0,13,8,-47.0,22.0,13.0,,,,8,116.66666666666667,100.0,11.0,,,,,200.0,-17.0,533.5600000000001,-2.0,9.0,4.19921875,3.926020189591443e-05,2.3250452960018473,,330.0,574.468085106383
1.0,25,1,0,0,1,1,201883.33333333334,1243.3333333333333,50.0,-43.33333333333326,0.2721183365894502,51.0,13,8,-46.0,23.0,14.0,,,,4,120.0,97.0,12.0,,,,,376.6666666666667,-15.0,529.1933333333333,-4.0,8.0,3.80859375,4.6026985300287306e-05,2.429592056833557,,322.0,426.59082829719165
1.0,25,1,0,0,1,1,203083.33333333334,1200.0,-43.33333333333326,10.0,0.40242528303911573,52.0,14,9,-44.0,22.0,13.0,,,,7,120.0,96.0,15.0,,,,,236.66666666666666,-14.0,539.1999999999999,-7.0,9.0,4.08935546875,5.065954940224825e-05,2.3018064030722334,,322.0,714.7606382978723
1.0,25,1,0,0,1,1,204293.33333333334,1210.0,10.0,-23.333333333333258,0.4171923726997881,58.0,15,7,-47.0,20.0,11.0,,,,9,116.66666666666667,103.0,13.0,,,,,386.6666666666667,-13.0,530.9933333333333,-5.0,8.0,4.00390625,4.2557564120741256e-05,2.2341174664663015,,343.0,558.3781880376276
1.0,25,1,0,0,1,1,205480.0,1186.6666666666667,-23.333333333333258,56.666666666666515,0.4411382587538681,49.0,15,7,-46.0,20.0,11.0,,,,2,116.66666666666667,92.0,13.0,,,,,443.3333333333333,-15.0,531.2533333333333,-4.0,10.0,4.2236328125,4.645662145471717e-05,2.366647852151668,,312.0,631.1360448807854
1.0,25,1,0,0,1,1,206723.33333333334,1243.3333333333333,56.666666666666515,-23.333333333333258,0.360811103360354,53.0,15,7,-45.0,20.0,10.0,,,,7,116.66666666666667,97.0,8.0,,,,,363.3333333333333,-14.0,525.86,-4.0,10.0,3.857421875,5.3658021127404324e-05,2.5120470310698004,,306.0,485.1425106124924
1.0,25,1,0,0,1,1,207943.33333333334,1220.0,-23.333333333333258,-10.0,0.34482494387016194,54.0,16,7,-48.0,19.0,9.0,,,,5,116.66666666666667,99.0,15.0,,,,,196.66666666666666,-14.0,529.4533333333334,-6.0,8.0,3.955078125,4.031005789625073e-05,2.264990261785956,,324.0,556.5862708719851
1.0,25,1,0,0,1,1,209153.33333333334,1210.0,-10.0,-13.333333333333258,0.3507600777645047,50.0,15,6,-45.0,20.0,12.0,,,,4,116.66666666666667,94.0,13.0,,,,,443.3333333333333,-13.0,527.66,-9.0,8.0,4.0283203125,4.302998962508805e-05,2.142594091371136,,306.0,542.8822110111867
1.0,25,1,0,0,1,1,210350.0,1196.6666666666667,-13.333333333333258,16.666666666666515,0.32474689423879327,53.0,15,7,-47.0,19.0,10.0,,,,5,113.33333333333333,98.0,16.0,,,,,360.0,-14.0,529.7133333333334,-6.0,10.0,4.18701171875,4.2591110098287325e-05,2.3885132316879516,,328.0,647.878198898607
1.0,25,1,0,0,1,1,211563.33333333334,1213.3333333333333,16.666666666666515,-6.666666666666515,0.3258145363408521,54.0,15,7,-47.0,20.0,11.0,,,,6,116.66666666666667,97.0,8.0,,,,,446.6666666666667,-14.0,530.48,-5.0,10.0,3.99169921875,4.80992480187954e-05,2.3328143774746537,,329.0,523.3941316415544
1.0,25,1,0,0,1,1,212770.0,1206.6666666666667,-6.666666666666515,-13.333333333333485,0.20606660072535446,54.0,14,7,-45.0,21.0,12.0,,,,8,116.66666666666667,98.0,16.0,,,,,383.3333333333333,-14.0,531.5066666666667,-7.0,10.0,4.06494140625,4.970983166554119e-05,2.3951980416619305,,318.0,733.4183673469388
1.0,25,1,0,0,1,1,213963.33333333334,1193.3333333333333,-13.333333333333485,26.666666666666742,0.20722811671087532,50.0,11,7,-49.0,24.0,14.0,,,,0,116.66666666666667,99.0,12.0,,,,,196.66666666666666,-13.0,530.2266666666667,-7.0,9.0,4.1748046875,3.438444327669346e-05,2.4009580970831683,,344.0,531.9148936170213
1.0,25,1,0,0,1,1,215183.33333333334,1220.0,26.666666666666742,-23.333333333333258,0.20820702638884458,50.0,14,7,-43.0,20.0,10.0,,,,6,113.33333333333333,92.0,17.0,,,,,330.0,-16.0,529.4533333333334,-7.0,10.0,3.955078125,3.4093598226573415e-05,2.4550422353766406,,328.0,877.2897815051866
1.0,25,1,0,0,1,1,216380.0,1196.6666666666667,-23.333333333333258,30.0,0.1434975127097797,51.0,12,6,-47.0,23.0,13.0,,,,3,116.66666666666667,98.0,14.0,,,,,363.3333333333333,-13.0,526.38,-8.0,10.0,4.052734375,5.211846000736188e-05,2.2891193109336547,,328.0,596.1331901181525
1.0,25,1,0,0,1,1,217606.66666666666,1226.6666666666667,30.0,-23.333333333333485,0.0017897910319537359,55.0,16,7,-47.0,19.0,10.0,,,,7,116.66666666666667,100.0,15.0,,,,,196.66666666666666,-14.0,528.4266666666667,-7.0,11.0,4.00390625,4.2705362113406547e-05,2.432147161489337,,350.0,708.5427135678391
1.0,25,1,0,0,1,1,218810.0,1203.3333333333333,-23.333333333333485,-3.3333333333332575,0.08737796211291561,53.0,14,7,-46.0,21.0,12.0,,,,6,116.66666666666667,98.0,16.0,,,,,446.6666666666667,-15.0,532.0200000000001,-8.0,9.0,4.0771484375,4.946614457716247e-05,2.2271241162631576,,332.0,753.285607436692
1.0,25,1,0,0,1,1,220010.0,1200.0,-3.3333333333332575,-6.6666666666667425,0.08844969646122064,57.0,15,7,-45.0,21.0,11.0,,,,11,120.0,97.0,19.0,,,,,316.6666666666667,14.0,405.86666666666673,-5.0,9.0,4.04052734375,4.0085233138853844e-05,2.4163249866961136,,348.0,748.77916440586
1.0,25,1,0,0,1,1,221203.33333333334,1193.3333333333333,-6.6666666666667425,36.66666666666674,0.06012572825552045,50.0,16,8,-48.0,23.0,12.0,,,,1,130.0,93.0,6.0,,,,,193.33333333333334,-14.0,533.5600000000001,0.0,22.0,3.89404296875,0.0002509082273624773,1.9888370373703952,,322.0,774.1935483870967
1.0,25,1,0,0,1,1,222433.33333333334,1230.0,36.66666666666674,-10.0,0.0921221595667467,55.0,13,7,-48.0,25.0,13.0,,,,6,126.66666666666667,102.0,14.0,,,,,193.33333333333334,-14.0,527.9133333333333,-3.0,9.0,3.79638671875,4.2485530425405635e-05,2.497648702393102,,332.0,647.0588235294117
1.0,25,1,0,0,1,1,223653.33333333334,1220.0,-10.0,-16.666666666666742,0.20212345793741143,55.0,12,8,-47.0,22.0,14.0,,,,7,113.33333333333333,101.0,12.0,,,,,346.6666666666667,-14.0,532.7866666666666,-10.0,10.0,3.99169921875,5.5140177123018804e-05,2.30878174450415,,360.0,533.1302361005331
1.0,25,1,0,0,1,1,224856.66666666666,1203.3333333333333,-16.666666666666742,-23.333333333333258,0.14641002615859133,47.0,13,7,-48.0,22.0,13.0,,,,0,116.66666666666667,95.0,16.0,,,,,233.33333333333334,-14.0,532.0200000000001,-8.0,9.0,4.0283203125,3.803533137463937e-05,2.3336086163824667,,360.0,744.0066133921191
1.0,25,1,0,0,1,1,226036.66666666666,1180.0,-23.333333333333258,30.0,0.14904870111875598,48.0,13,7,-47.0,21.0,13.0,,,,0,113.33333333333333,95.0,15.0,,,,,356.6666666666667,-15.0,528.9466666666667,-10.0,11.0,4.11376953125,5.2705321297231236e-05,2.2838674590515726,,335.0,858.1235697940502
1.0,25,1,0,0,1,1,227246.66666666666,1210.0,30.0,-20.0,0.18090075264393407,50.0,12,7,-49.0,23.0,14.0,,,,0,116.66666666666667,99.0,18.0,,,,,380.0,-13.0,530.9933333333333,-5.0,9.0,3.9306640625,4.621561558238946e-05,2.41716030021077,,333.0,637.1406371406371
1.0,25,1,0,0,1,1,228436.66666666666,1190.0,-20.0,10.0,0.1488095238095238,48.0,13,7,-48.0,22.0,13.0,,,,0,116.66666666666667,96.0,12.0,,,,,433.3333333333333,-14.0,530.7400000000001,-7.0,9.0,4.08935546875,4.2439155017577325e-05,2.2493298327727484,,308.0,568.1818181818182
1.0,25,1,0,0,1,1,229636.66666666666,1200.0,10.0,-26.666666666666742,0.21004873130566293,51.0,13,7,-46.0,22.0,13.0,,,,4,116.66666666666667,97.0,14.0,,,,,370.0,-15.0,532.5333333333333,-9.0,8.0,4.0771484375,3.745848590953572e-05,2.153511771991843,,350.0,550.5478490851191
1.0,25,1,0,0,1,1,230810.0,1173.3333333333333,-26.666666666666742,93.33333333333348,0.2102124753858858,44.0,13,7,-48.0,22.0,13.0,,,,-3,116.66666666666667,92.0,12.0,,,,,363.3333333333333,-15.0,529.9733333333332,-8.0,11.0,4.150390625,4.0605525694579856e-05,2.5399350978633253,,326.0,877.9264214046824
1.0,25,1,0,0,1,1,232076.66666666666,1266.6666666666667,93.33333333333348,-40.0,0.305723038023923,47.0,13,7,-49.0,22.0,14.0,,,,-1,116.66666666666667,96.0,13.0,,,,,356.6666666666667,-13.0,522.2666666666667,-10.0,9.0,3.6376953125,5.066673137844994e-05,2.325021737921872,,318.0,604.3632075471698
1.0,25,1,0,0,1,1,233303.33333333334,1226.6666666666667,-40.0,-10.0,0.36677299948839864,53.0,13,7,-48.0,22.0,13.0,,,,4,116.66666666666667,101.0,10.0,,,,,356.6666666666667,-12.0,528.4266666666667,-11.0,9.0,3.857421875,3.692786881221116e-05,2.217784468022946,,330.0,570.0570057005701
1.0,25,1,0,0,1,1,234520.0,1216.6666666666667,-10.0,-16.666666666666742,0.37913790291895416,51.0,13,7,-48.0,22.0,13.0,,,,2,116.66666666666667,98.0,12.0,,,,,333.3333333333333,-15.0,529.9666666666667,-7.0,8.0,3.99169921875,3.485025470941842e-05,2.319202978511051,,330.0,580.8477237048666
1.0,25,1,0,0,1,1,235720.0,1200.0,-16.666666666666742,50.0,0.4093097913322632,55.0,13,7,-44.0,21.0,13.0,,,,10,113.33333333333333,99.0,17.0,,,,,373.3333333333333,-16.0,532.5333333333333,-8.0,10.0,4.08935546875,4.1116187990740566e-05,2.4869398141252415,,336.0,717.7033492822966
1.0,25,1,0,0,1,1,236970.0,1250.0,50.0,-36.66666666666674,0.3288925895087427,53.0,12,7,-52.0,23.0,14.0,,,,0,116.66666666666667,103.0,12.0,,,,,200.0,-13.0,524.8333333333334,-10.0,10.0,3.7841796875,5.147928833072197e-05,2.4162422013208182,,328.0,483.06890835898645
1.0,25,1,0,0,1,1,238183.33333333334,1213.3333333333333,-36.66666666666674,-10.0,0.4002348044185922,47.0,13,7,-50.0,22.0,13.0,,,,-2,116.66666666666667,97.0,11.0,,,,,436.6666666666667,-13.0,530.48,-8.0,10.0,3.94287109375,4.0078687387465285e-05,2.4643809337267157,,302.0,557.976405569136
1.0,25,1,0,1,1,1,239386.66666666666,1203.3333333333333,-10.0,3.333333333333485,0.41274464393659865,53.0,15,7,-47.0,20.0,11.0,,,,5,116.66666666666667,99.0,14.0,160.0,140.0,5.0,0.6223566760370787,360.0,-14.0,532.0200000000001,-8.0,7.0,4.52880859375,1.8454821369680424e-05,2.586486612824938,476.6666666666667,320.0,402.62767535494805
1.0,25,1,0,0,1,1,240593.33333333334,1206.6666666666667,3.333333333333485,13.333333333333258,0.4427930387711009,51.0,13,7,-45.0,22.0,13.0,,,,5,116.66666666666667,96.0,14.0,,,,,403.3333333333333,-17.0,531.5066666666667,-6.0,9.0,4.052734375,3.622107003204875e-05,2.3324158445825773,,344.0,699.8697916666666
1.0,25,1,0,0,1,1,241813.33333333334,1220.0,13.333333333333258,-10.0,0.3225411905814027,44.0,12,7,-53.0,23.0,13.0,,,,-8,116.66666666666667,95.0,14.0,,,,,253.33333333333334,-14.0,529.4533333333334,-9.0,10.0,3.96728515625,5.611981346020743e-05,2.5348302066007924,,312.0,628.3566058002148
1.0,25,1,0,0,1,1,243023.33333333334,1210.0,-10.0,0.0,0.176258403016888,56.0,15,6,-48.0,20.0,11.0,,,,6,116.66666666666667,104.0,10.0,,,,,336.6666666666667,-13.0,527.66,-6.0,9.0,3.99169921875,3.755673313373842e-05,2.3691666095218746,,320.0,475.8128469468676
1.0,25,1,0,0,1,1,244233.33333333334,1210.0,0.0,-20.0,0.2066115702479339,50.0,13,7,-47.0,22.0,13.0,,,,2,116.66666666666667,97.0,13.0,,,,,353.3333333333333,-14.0,530.9933333333333,-11.0,8.0,4.01611328125,3.574553929845975e-05,2.3678203899690677,,332.0,576.8922600288446
1.0,25,1,0,0,1,1,245423.33333333334,1190.0,-20.0,43.33333333333326,0.2072704081632653,52.0,13,7,-46.0,22.0,13.0,,,,5,116.66666666666667,98.0,20.0,,,,,243.33333333333334,-16.0,530.7400000000001,-7.0,10.0,4.16259765625,5.429672191909704e-05,2.2491938908414433,,342.0,818.5092218705663
1.0,25,1,0,0,1,1,246656.66666666666,1233.3333333333333,43.33333333333326,-33.33333333333326,0.23632248622451837,59.0,13,7,-43.0,22.0,14.0,,,,14,116.66666666666667,102.0,7.0,,,,,276.6666666666667,-13.0,527.4000000000001,-10.0,10.0,3.89404296875,5.748745235313989e-05,2.4699711197509178,,332.0,424.34884401521805
1.0,25,1,0,0,1,1,247856.66666666666,1200.0,-33.33333333333326,10.0,0.05852584408560611,47.0,13,7,-50.0,22.0,13.0,,,,-2,116.66666666666667,96.0,16.0,,,,,336.6666666666667,-13.0,532.5333333333333,-8.0,9.0,4.06494140625,4.0100651306418315e-05,2.371404147132529,,316.0,657.8947368421053
1.0,25,1,0,0,1,1,249066.66666666666,1210.0,10.0,-13.333333333333258,0.08927083581307878,52.0,13,7,-48.0,22.0,13.0,,,,3,116.66666666666667,100.0,10.0,,,,,223.33333333333334,-13.0,530.9933333333333,-8.0,9.0,4.00390625,3.5797305554729837e-05,2.36037905527151,,323.0,497.4093264248704
1.0,25,1,0,0,1,1,250263.33333333334,1196.6666666666667,-13.333333333333258,33.33333333333326,0.08915778369101415,50.0,13,8,-48.0,22.0,13.0,,,,1,116.66666666666667,98.0,19.0,,,,,353.3333333333333,-15.0,533.0466666666666,-9.0,9.0,4.13818359375,5.2579630500697055e-05,2.2767187552895476,,348.0,797.872340425532
1.0,25,1,0,0,1,1,251493.33333333334,1230.0,33.33333333333326,-23.333333333333258,0.12050588609608652,45.0,12,7,-50.0,23.0,13.0,,,,-4,116.66666666666667,95.0,7.0,,,,,200.0,-13.0,527.9133333333333,-9.0,9.0,3.9306640625,5.617437620681854e-05,2.0852267200377272,,302.0,457.8947368421053
1.0,25,1,0,0,1,1,252700.0,1206.6666666666667,-23.333333333333258,20.0,0.17428215118395673,52.0,16,7,-48.0,19.0,10.0,,,,3,116.66666666666667,98.0,7.0,,,,,233.33333333333334,-13.0,531.5066666666667,-8.0,9.0,4.04052734375,3.8346887169024606e-05,2.217854751338453,,318.0,510.2040816326531
1.0,25,1,0,0,1,1,253926.66666666666,1226.6666666666667,20.0,-3.333333333333485,0.1787095043474144,52.0,13,7,-50.0,22.0,13.0,,,,1,116.66666666666667,102.0,11.0,,,,,446.6666666666667,-14.0,528.4266666666667,-5.0,9.0,3.857421875,4.665685235151266e-05,2.2661206769605595,,346.0,549.6137849079025
1.0,25,1,0,0,1,1,255150.0,1223.3333333333333,-3.333333333333485,6.6666666666667425,0.23118492464652576,50.0,13,7,-46.0,22.0,13.0,,,,3,116.66666666666667,96.0,16.0,,,,,233.33333333333334,-16.0,528.94,-7.0,8.0,3.89404296875,4.7689260622720606e-05,2.113472091695834,,341.0,697.9695431472081
1.0,25,1,0,0,1,1,256380.0,1230.0,6.6666666666667425,-6.6666666666667425,0.14595528708431937,49.0,13,7,-47.0,22.0,14.0,,,,1,116.66666666666667,96.0,8.0,,,,,340.0,-13.0,527.9133333333333,-7.0,11.0,3.8818359375,6.4166975301956e-05,2.3241248236595218,,317.0,581.0301507537688
1.0,25,1,0,0,1,1,257603.33333333334,1223.3333333333333,-6.6666666666667425,13.333333333333485,0.14403419650600918,50.0,12,7,-49.0,23.0,13.0,,,,0,116.66666666666667,99.0,12.0,,,,,446.6666666666667,-13.0,528.94,-6.0,8.0,3.90625,3.58350184030293e-05,2.1208704221465826,,312.0,522.9964620827565
1.0,25,1,0,0,1,1,258840.0,1236.6666666666667,13.333333333333485,10.0,0.08873114463176576,51.0,14,7,-46.0,21.0,13.0,,,,4,116.66666666666667,97.0,11.0,,,,,333.3333333333333,-13.0,526.8866666666667,-7.0,8.0,3.84521484375,4.0395381794677005e-05,2.342179554119656,,315.0,492.3834436067087
1.0,25,1,0,0,1,1,260086.66666666666,1246.6666666666667,10.0,-40.0,0.14264154430165318,45.0,12,7,-50.0,23.0,14.0,,,,-4,116.66666666666667,94.0,14.0,,,,,366.6666666666667,-16.0,525.3466666666666,-7.0,10.0,3.8330078125,4.228687725169244e-05,2.442251117756053,,334.0,719.6495619524405
1.0,25,1,0,0,1,1,261293.33333333334,1206.6666666666667,-40.0,20.0,0.058479085127201555,47.0,12,7,-48.0,23.0,14.0,,,,0,116.66666666666667,95.0,13.0,,,,,426.6666666666667,-14.0,531.5066666666667,-9.0,11.0,4.01611328125,4.385613072982954e-05,2.2093944970366266,,351.0,789.4736842105264
1.0,25,1,0,0,1,1,262520.0,1226.6666666666667,20.0,3.3333333333332575,0.11716715847943066,53.0,13,7,-47.0,22.0,13.0,,,,5,116.66666666666667,100.0,12.0,,,,,346.6666666666667,-13.0,528.4266666666667,-7.0,9.0,3.9306640625,4.811228430173754e-05,2.463609738588448,,340.0,712.1212121212121
1.0,25,1,0,0,1,1,263750.0,1230.0,3.3333333333332575,40.0,0.058226649172793396,47.0,12,7,-53.0,23.0,14.0,,,,-5,116.66666666666667,97.0,12.0,,,,,350.0,-14.0,527.9133333333333,-10.0,9.0,3.8818359375,4.2545324079116496e-05,2.189036172834702,,325.0,590.5817748536497
1.0,25,1,0,0,1,1,265020.0,1270.0,40.0,-43.33333333333326,0.06151631923487627,51.0,12,7,-48.0,23.0,14.0,,,,2,116.66666666666667,99.0,24.0,,,,,210.0,-14.0,521.7533333333334,-8.0,9.0,3.57666015625,3.827367960750615e-05,2.3562153227318525,,352.0,818.6126669538992
1.0,25,1,0,0,1,1,266246.6666666667,1226.6666666666667,-43.33333333333326,30.0,0.22512550747041474,46.0,13,7,-48.0,22.0,13.0,,,,-1,116.66666666666667,94.0,9.0,,,,,203.33333333333334,-13.0,528.4266666666667,-7.0,12.0,3.857421875,5.330764903992461e-05,2.308706995245699,,312.0,483.55899419729207
1.0,25,1,0,0,1,1,267503.3333333333,1256.6666666666667,30.0,-23.333333333333485,0.23396940937274469,48.0,13,7,-48.0,22.0,13.0,,,,0,116.66666666666667,96.0,16.0,,,,,336.6666666666667,-13.0,523.8066666666666,-9.0,8.0,3.7353515625,3.924005502057702e-05,2.4156486363348977,,320.0,588.768115942029
1.0,25,1,0,0,1,1,268736.6666666667,1233.3333333333333,-23.333333333333485,-6.666666666666515,0.2837355289194168,48.0,12,7,-50.0,23.0,14.0,,,,-1,116.66666666666667,98.0,10.0,,,,,426.6666666666667,-15.0,527.4000000000001,-9.0,9.0,3.8818359375,5.298222394678536e-05,2.0828124080411587,,330.0,612.2448979591837
1.0,25,1,0,0,1,1,269963.3333333333,1226.6666666666667,-6.666666666666515,0.0,0.26122515175385763,51.0,13,7,-48.0,22.0,13.0,,,,2,116.66666666666667,99.0,18.0,,,,,216.66666666666666,-15.0,528.4266666666667,-8.0,8.0,3.8818359375,4.2900705434002356e-05,2.1539127692626754,,346.0,627.4869911233548
1.0,25,1,0,0,1,1,271190.0,1226.6666666666667,0.0,0.0,0.2911490683229813,43.0,12,7,-50.0,23.0,14.0,,,,-6,116.66666666666667,92.0,5.0,,,,,376.6666666666667,-14.0,528.4266666666667,-6.0,11.0,3.9794921875,5.0300246024601695e-05,2.3933864176204875,,302.0,461.133069828722
1.0,25,1,0,0,1,1,272416.6666666667,1226.6666666666667,0.0,16.666666666666515,0.2911490683229813,47.0,13,7,-49.0,22.0,14.0,,,,-1,116.66666666666667,95.0,13.0,,,,,430.0,-14.0,528.4266666666667,-11.0,8.0,3.90625,4.164354474285431e-05,2.4279174689970886,,310.0,558.2137161084529
1.0,25,1,0,0,1,1,273660.0,1243.3333333333333,16.666666666666515,-13.333333333333258,0.2904878332751193,58.0,15,8,-46.0,20.0,11.0,,,,10,116.66666666666667,101.0,12.0,,,,,450.0,-13.0,529.1933333333333,-6.0,9.0,3.8818359375,5.086626436546458e-05,2.2124701360838728,,334.0,558.7687481619448
1.0,25,1,0,0,1,1,274890.0,1230.0,-13.333333333333258,-16.666666666666742,0.2557040192457977,48.0,12,7,-46.0,23.0,13.0,,,,1,116.66666666666667,94.0,17.0,,,,,446.6666666666667,-16.0,527.9133333333333,-6.0,9.0,3.79638671875,4.08751085831105e-05,2.5255883660436402,,350.0,657.5430343205388
1.0,25,1,0,0,1,1,276103.3333333333,1213.3333333333333,-16.666666666666742,36.66666666666674,0.11675637997134337,53.0,15,8,-43.0,20.0,11.0,,,,9,116.66666666666667,94.0,12.0,,,,,200.0,-17.0,533.8133333333334,-6.0,11.0,4.1015625,3.968511102695532e-05,2.322960885573448,,346.0,926.0280013228971
1.0,25,1,0,0,1,1,277353.3333333333,1250.0,36.66666666666674,10.0,0.1453203322952376,54.0,17,8,-44.0,18.0,9.0,,,,9,116.66666666666667,98.0,7.0,,,,,200.0,-15.0,528.1666666666666,-7.0,10.0,3.857421875,4.1765468511880446e-05,2.383900552411594,,334.0,615.2460984393757
1.0,25,1,0,0,1,1,278613.3333333333,1260.0,10.0,-23.333333333333258,0.05999040153575428,56.0,14,7,-47.0,21.0,12.0,,,,8,116.66666666666667,101.0,17.0,,,,,333.3333333333333,-15.0,523.2933333333334,-7.0,10.0,3.69873046875,4.079458997829221e-05,2.525268144925172,,352.0,671.1728865194211
1.0,25,1,0,0,1,1,279850.0,1236.6666666666667,-23.333333333333258,-26.666666666666742,0.19791910836212956,52.0,15,8,-44.0,20.0,11.0,,,,7,116.66666666666667,95.0,13.0,,,,,233.33333333333334,-14.0,530.2199999999999,-6.0,9.0,3.8330078125,4.1298907566275065e-05,2.2560924132498537,,340.0,805.263157894737
1.0,25,1,0,0,1,1,281060.0,1210.0,-26.666666666666742,53.33333333333326,0.17450729617701893,55.0,15,7,-43.0,20.0,11.0,,,,11,116.66666666666667,95.0,10.0,,,,,366.6666666666667,-16.0,530.9933333333333,-5.0,12.0,3.96728515625,4.514922112549319e-05,2.519558419193503,,308.0,670.8481047177529
1.0,25,1,0,0,1,1,282323.3333333333,1263.3333333333333,53.33333333333326,10.0,0.23709913338890548,57.0,15,8,-48.0,20.0,11.0,,,,7,116.66666666666667,102.0,6.0,,,,,350.0,-14.0,526.1133333333333,-7.0,8.0,3.7109375,3.806990314263042e-05,2.3185553201524174,,324.0,268.6651583710407
1.0,25,1,0,0,1,1,283596.6666666667,1273.3333333333333,10.0,-30.0,0.2837847004997325,51.0,15,8,-49.0,20.0,11.0,,,,1,116.66666666666667,98.0,11.0,,,,,356.6666666666667,-15.0,524.5733333333334,-8.0,8.0,3.61328125,3.207358003621439e-05,2.5952645242642727,,332.0,493.277879872328
1.0,25,1,0,0,1,1,284840.0,1243.3333333333333,-30.0,-13.333333333333258,0.3367330903866444,49.0,14,9,-46.0,24.0,14.0,,,,2,126.66666666666667,95.0,20.0,,,,,233.33333333333334,-17.0,532.5266666666666,-3.0,9.0,3.79638671875,3.5038358089262255e-05,2.46712754015593,,346.0,769.835035349568
1.0,25,1,0,0,1,1,286070.0,1230.0,-13.333333333333258,46.66666666666674,0.34362023260446517,49.0,14,9,-49.0,24.0,14.0,,,,0,126.66666666666667,97.0,10.0,,,,,363.3333333333333,-16.0,534.5799999999999,-1.0,11.0,3.955078125,5.881735615963745e-05,2.1622228574874174,,327.0,612.276937568685
1.0,25,1,0,0,1,1,287346.6666666667,1276.6666666666667,46.66666666666674,-20.0,0.291880725427086,54.0,14,9,-48.0,24.0,14.0,,,,5,126.66666666666667,102.0,13.0,,,,,326.6666666666667,-13.0,527.3933333333333,-5.0,10.0,3.64990234375,4.868803906785656e-05,2.3077044742888657,,334.0,515.7513242263731
1.0,25,1,0,0,1,1,288603.3333333333,1256.6666666666667,-20.0,10.0,0.36322458360694876,55.0,14,8,-45.0,24.0,14.0,,,,9,126.66666666666667,100.0,13.0,,,,,190.0,-13.0,527.14,-3.0,9.0,3.74755859375,4.5223928417341945e-05,2.2688486579396527,,338.0,684.4660194174759
1.0,25,1,0,0,1,1,289870.0,1266.6666666666667,10.0,-46.66666666666674,0.3409840040614983,49.0,14,9,-46.0,24.0,14.0,,,,2,126.66666666666667,94.0,17.0,,,,,230.0,-15.0,528.9333333333333,-3.0,9.0,3.61328125,4.597786763436594e-05,2.3966120114619875,,334.0,659.7790507364975
1.0,25,1,0,0,1,1,291090.0,1220.0,-46.66666666666674,40.0,0.33803103038328985,54.0,14,8,-45.0,23.0,13.0,,,,8,123.33333333333333,98.0,7.0,,,,,443.3333333333333,-15.0,532.7866666666666,-2.0,11.0,4.0283203125,5.4088147493565126e-05,2.299374406609921,,331.0,643.6420722135007
1.0,25,1,0,0,1,1,292350.0,1260.0,40.0,-20.0,0.32180303313986147,51.0,13,7,-47.0,22.0,14.0,,,,3,116.66666666666667,98.0,12.0,,,,,363.3333333333333,-15.0,523.2933333333334,-6.0,10.0,3.7109375,4.4545830238163796e-05,2.421132623071947,,332.0,559.2621664050235
1.0,25,1,0,0,1,1,293590.0,1240.0,-20.0,0.0,0.3107562491493898,51.0,14,9,-49.0,26.0,14.0,,,,1,133.33333333333334,100.0,13.0,,,,,333.3333333333333,14.0,429.7066666666667,-1.0,10.0,3.82080078125,4.716469328769669e-05,2.3972592650390494,,340.0,600.0000000000001
1.0,25,1,0,0,1,1,294830.0,1240.0,0.0,-10.0,0.25921658986175117,50.0,15,7,-45.0,21.0,11.0,,,,4,120.0,91.0,11.0,,,,,443.3333333333333,-15.0,526.3733333333333,-4.0,21.0,3.80859375,0.00019749388179676037,2.327718081296819,,324.0,721.5960005659578
1.0,25,1,0,0,1,1,296060.0,1230.0,-10.0,20.0,0.25925840573364367,50.0,12,7,-48.0,27.0,13.0,,,,1,130.0,97.0,11.0,,,,,190.0,-15.0,527.9133333333333,-2.0,11.0,3.955078125,6.409927069095188e-05,2.174612063018335,,328.0,621.6650261617365
1.0,25,1,0,0,1,1,297310.0,1250.0,20.0,-6.6666666666667425,0.2594974921047743,59.0,12,7,-46.0,27.0,13.0,,,,11,130.0,101.0,14.0,,,,,186.66666666666666,-12.0,524.8333333333334,-4.0,9.0,3.82080078125,4.425826538736032e-05,2.5404504895183955,,343.0,608.5486597440231
1.0,25,1,0,0,1,1,298553.3333333333,1243.3333333333333,-6.6666666666667425,60.0,0.17087536956322957,46.0,11,7,-49.0,28.0,14.0,,,,-2,130.0,95.0,13.0,,,,,190.0,-13.0,525.86,-7.0,9.0,3.80859375,4.612935467697683e-05,2.485408734935425,,318.0,622.245268343272
1.0,0,0,0,0,0,1,299856.6666666667,1303.3333333333333,60.0,60.0,0.1463543420367933,-44.0,14,4,,,,,,,-90,46.666666666666664,44.0,134.0,,,,,,,,25.0,71.0,4.08935546875,7.548291517768721e-05,2.210937906627098,,1899.0,4809.253246753247
